Test,Cases,Pass Rate,Metric
A,80.0,1.0,2.901969953046895e-16
B,80.0,1.0,-0.015175290640889433
C,80.0,1.0,-0.2355234160218699
D,30.0,1.0,2.220446049250313e-16
E,150.0,1.0,-0.0008906150763061952
F,10.0,1.0,2.220446049250313e-16
